n-Links	True Length	Predicted Length
2	5099.01951359	4523.57148722
2	5147.81507049	5656.53303712
2	4272.00187266	4092.46685998
2	6500.0	5810.62053485
2	2828.42712475	3125.51803706
2	7158.91053164	6079.94095366
2	5700.8771255	6210.49997987
2	6964.19413859	7392.76010702
2	3278.71926215	3960.14608316
2	3354.10196625	3244.75291817
2	5220.15325446	4718.08965578
2	7500.0	7219.59015457
2	4031.12887415	3958.53388264
2	8062.2577483	8095.37868169
2	7228.4161474	7518.72795092
2	7500.0	7041.99687589
2	6041.5229868	5830.33926972
2	6103.27780787	6101.82103966
2	3201.56211872	2933.36035972
2	2828.42712475	2991.73979484
2	8200.60973343	7727.72346814
2	2915.47594742	2581.66283624
2	8062.2577483	7880.98737469
2	1802.77563773	2080.06448217
2	7228.4161474	7042.68684523
2	6403.12423743	7972.62829938
2	3774.91721764	3933.81538713
2	7905.69415042	7600.46788033
2	5590.16994375	4586.7547351
2	6324.55532034	5980.7915864
2	4609.77222865	4081.1695015
2	7071.06781187	5850.52236984
2	6519.2024052	6580.66698747
2	4609.77222865	4698.52530056
2	5408.3269132	5288.45762014
2	5894.91306128	6447.43049594
2	6800.73525437	6244.72353271
2	4609.77222865	4196.67987819
2	7017.83442381	7888.08100871
2	6041.5229868	5819.70806828
2	7211.10255093	7206.47111976
2	3605.55127546	3839.55290366
2	6184.65843843	6659.41634079
2	4743.41649025	5810.56322571
2	5454.35605732	6731.48482877
2	2236.0679775	2317.41466941
2	6020.7972894	5946.25251734
2	6500.0	6034.60321811
2	4609.77222865	4069.45070003
2	6264.98204307	5532.0908344
2	4472.135955	4755.90086104
2	8154.75321515	8826.92993062
2	6964.19413859	6730.51053041
2	5894.91306128	5962.1311626
2	5099.01951359	4359.33515573
2	6670.83203206	5902.79137358
2	3640.05494464	3207.44165964
2	5220.15325446	4658.25589679
2	5408.3269132	5029.64084205
2	4272.00187266	3887.87486939
2	2692.58240357	2330.07955873
2	7106.33520178	7251.19217784
2	4242.64068712	4250.06505833
2	3201.56211872	3208.52388179
2	4272.00187266	3659.61275274
2	7500.0	7173.00954969
2	5477.22557505	6030.63462664
2	6782.32998313	7473.22072469
2	7382.41153012	7022.71087259
2	4272.00187266	4375.07257083
2	7071.06781187	7360.68230533
2	6324.55532034	6016.58000861
2	6103.27780787	5919.55462852
2	6422.61628933	8037.67777408
2	5830.95189485	5803.5854435
2	4031.12887415	3511.99523063
2	3674.23461417	4962.10842284
2	5315.07290637	5123.05699754
2	5590.16994375	4867.1980646
2	3774.91721764	3747.00353616
2	3162.27766017	2838.5738937
2	7035.62363974	6902.35293215
2	5315.07290637	4879.37352536
2	2236.0679775	2425.07056598
2	5147.81507049	5291.50470093
2	6946.22199472	8758.60285662
2	2500.0	2168.14603982
2	5000.0	5098.93126057
2	6403.12423743	6789.41131469
2	6224.94979899	6926.32918652
2	6800.73525437	6691.87611959
2	6422.61628933	7107.42935245
2	5454.35605732	6853.93157246
2	4949.74746831	5948.41314974
2	5852.34995536	5651.9655873
2	7158.91053164	6616.91876934
2	7297.25975966	8826.61384677
2	3605.55127546	5441.50833869
2	6800.73525437	5910.48297519
2	5147.81507049	6026.18876239
2	5590.16994375	4669.08866911
2	6184.65843843	5534.72682253
2	3354.10196625	3079.23829867
2	3905.12483795	3624.28641252
2	7778.17459305	8827.19751677
2	5500.0	6619.04766564
2	3807.88655293	3567.50711282
2	4500.0	5230.63839316
2	5500.0	5930.53656932
2	2692.58240357	2956.33751456
2	3640.05494464	3005.38408527
2	6800.73525437	5803.10175682
2	7158.91053164	5689.68865581
2	2915.47594742	3025.71487421
2	3000.0	3676.20068821
2	5590.16994375	5221.69072236
2	6595.45297914	7190.03324054
2	7158.91053164	5955.68971657
2	5656.85424949	5727.97974857
2	7211.10255093	7132.4021199
2	5590.16994375	4566.85340251
2	6184.65843843	5465.72373982
2	5590.16994375	4807.42051416
2	7500.0	7138.52309655
2	6264.98204307	6008.21795543
2	7280.10988928	6531.86252152
2	4636.80924775	6029.73075684
2	8602.32526704	8518.59612847
2	5500.0	5987.33246112
2	8845.90300648	8813.48671072
2	8015.60977094	8827.34569392
2	6689.54408013	7332.28750118
2	9552.48658727	8827.4578447
2	6946.22199472	6650.1669152
2	4690.41575982	5876.66444507
2	5787.9184514	6793.76243329
2	3774.91721764	4548.42335321
2	6800.73525437	6166.5985762
2	2500.0	2324.08498123
2	7632.16876124	7232.55086398
2	7433.03437366	6256.74835677
2	2236.0679775	2830.99704168
2	6184.65843843	4618.5359152
2	5744.56264654	7067.78819717
2	4609.77222865	3977.49626021
2	7106.33520178	7211.95798657
2	4031.12887415	3816.08975261
2	4743.41649025	4908.51606904
2	5590.16994375	4588.16684527
2	3162.27766017	2988.34402303
2	4743.41649025	4498.87741553
2	7697.40215917	7767.10010235
2	4609.77222865	4016.60945326
2	4609.77222865	4611.60948043
2	4472.135955	4425.73620994
2	4123.10562562	4109.35803989
2	2500.0	1839.08051074
2	6363.96103068	8097.22606823
2	4031.12887415	4617.22925573
2	7211.10255093	7309.3463456
2	5454.35605732	7108.98079896
2	6819.09084849	8068.64573519
2	4272.00187266	4297.15882881
2	5787.9184514	7223.99390919
2	3316.62479036	3907.53643617
2	5220.15325446	4365.04627696
2	4031.12887415	3790.31707117
2	6726.81202354	6699.02530224
2	4301.16263352	4478.24016774
2	5408.3269132	5186.02873112
2	7106.33520178	7324.46202803
2	3605.55127546	3581.73002891
2	5700.8771255	5132.26821201
2	6670.83203206	8659.6861375
2	5147.81507049	5161.03022661
2	3082.20700148	4230.88489562
2	4242.64068712	4682.4113446
2	4609.77222865	4048.0288413
2	4609.77222865	4107.4073331
2	4974.93718553	6183.95358974
2	5873.67006224	7542.13921908
2	6708.2039325	6654.72974658
2	6892.02437605	8827.42046127
2	3640.05494464	3031.04800358
2	5590.16994375	4032.05326106
2	2500.0	2212.1416659
2	5099.01951359	4603.15533086
2	5852.34995536	6200.1719331
2	7905.69415042	8025.6429026
2	3500.0	4113.52476594
2	3201.56211872	2828.42853896
2	3674.23461417	4327.82358698
2	5220.15325446	4942.34387715
2	6964.19413859	6572.14881146
2	6103.27780787	6037.82195829
2	7810.24967591	7884.18670504
2	5678.9083458	5787.68511583
2	6726.81202354	6712.99262624
2	3000.0	3782.13200457
2	2500.0	2363.03353764
2	4242.64068712	4558.4763902
2	4415.88043316	5187.88935888
2	4472.135955	4619.1061906
2	3640.05494464	3045.25622896
2	6946.22199472	6631.27619693
2	6184.65843843	6939.2916065
2	4272.00187266	3941.05512522
2	6041.5229868	7901.58452464
2	5830.95189485	5995.71096702
2	5220.15325446	4482.79533327
2	4609.77222865	3527.46041792
2	2500.0	2509.45053747
2	6500.0	5854.15749703
2	3905.12483795	3674.76910839
2	5787.9184514	7075.21194029
2	7017.83442381	7230.23443603
2	4031.12887415	5329.96491546
2	3937.00393701	4564.57456944
2	7106.33520178	7128.46491189
2	6910.13748054	7332.39960722
2	5916.0797831	6189.12287808
2	6123.72435696	6745.70915471
2	5385.16480713	5210.00854126
2	5408.3269132	6426.01260503
2	6264.98204307	5799.80913479
2	6576.47321898	7306.63958328
2	6020.7972894	5873.42106442
2	1802.77563773	1811.19339111
2	4821.8253805	6412.6841494
2	7071.06781187	7065.02314221
2	3354.10196625	2806.96076745
2	6344.28877022	6651.00338295
2	6800.73525437	7254.13826722
2	5894.91306128	6779.46428562
2	6103.27780787	5989.61651527
2	8485.28137424	8658.37259536
2	6103.27780787	5731.44789735
2	6800.73525437	6162.87059738
2	4472.135955	4117.32643836
2	5873.67006224	7414.70943463
2	3807.88655293	3393.6078147
2	5830.95189485	6101.00926077
2	6670.83203206	5961.67073898
2	4301.16263352	5244.65337272
2	6800.73525437	6921.55358283
2	4716.99056603	4593.64974721
2	6324.55532034	5847.99555403
2	5099.01951359	4217.07031006
2	2915.47594742	3092.69979144
2	5522.68050859	6721.10050513
2	7382.41153012	8538.86948021
2	7778.17459305	7879.99720812
2	7106.33520178	7027.85657224
2	4123.10562562	3816.54529647
2	7211.10255093	7301.68884574
2	6184.65843843	7234.42077847
3	6480.74069841	5987.30799275
3	7228.4161474	7884.17972905
3	6224.94979899	7802.34234061
3	7697.40215917	6841.67435647
3	7810.24967591	7994.73989571
3	7952.98686029	7377.27659777
3	8062.2577483	6436.74047947
3	5916.0797831	5459.09085838
3	6614.37827766	7113.29297864
3	7952.98686029	7516.67932002
3	7314.36941916	8765.22332859
3	7968.68872525	7260.44778233
3	8077.7472107	7559.86124211
3	6633.24958071	8116.62565356
3	8902.24690738	7187.87159039
3	6184.65843843	8556.53376082
3	6855.6546004	7581.74425841
3	8276.47267862	8288.08421772
3	6708.2039325	5340.99925108
3	7615.77310586	6074.746826
3	6264.98204307	8242.99448016
3	7905.69415042	6571.9215607
3	7905.69415042	6484.02961128
3	7228.4161474	6984.0703032
3	7141.42842854	7911.89484258
3	8845.90300648	7505.97788433
3	7952.98686029	8205.17726804
3	5522.68050859	6592.95426952
3	9682.45836552	9721.79859902
3	5123.47538298	4795.97378016
3	8573.21409974	8318.38686285
3	7648.52927039	7513.59887138
3	9367.4969976	8828.78598676
3	5408.3269132	5577.75286294
3	6670.83203206	7128.02532263
3	6576.47321898	7568.27562923
3	7088.72343938	7671.3426465
3	7331.43914931	7022.62315663
3	7697.40215917	7095.23142681
3	8381.52730712	7916.16397
3	6873.86354243	6009.09535621
3	5074.44578255	5631.09225639
3	6763.87462923	7217.82224774
3	7984.35971134	8247.5881323
3	8046.73846972	7063.60778922
3	8972.17922246	8444.23720652
3	7449.83221288	8442.0182421
3	8154.75321515	8050.82368457
3	9552.48658727	7608.91858282
3	7566.37297521	8320.52426233
3	7088.72343938	7081.25109003
3	7176.3500472	7388.96650419
3	7582.87544405	7607.48604994
3	7842.19357068	7657.90075673
3	8774.96438739	8891.44397722
3	9192.38815543	7647.6113918
3	6363.96103068	6711.24302942
3	7905.69415042	8765.06999402
3	6595.45297914	7027.35810956
3	7921.48975888	7991.95670659
3	7228.4161474	8965.97557436
3	6595.45297914	6860.60879223
3	5385.16480713	4320.59295699
3	7106.33520178	8235.44461459
3	7729.81241687	9574.88381131
3	10012.4921973	8928.65152193
3	7889.86691903	7101.23975092
3	6344.28877022	6163.71681699
3	6184.65843843	7707.83406671
3	9899.49493661	8519.12730272
3	7762.08734813	7056.34763883
3	4555.21678957	6102.37289913
3	6519.2024052	5293.18561927
3	6873.86354243	6758.16809498
3	7794.22863406	9511.38055174
3	9219.54445729	7751.559327
3	6819.09084849	8298.45467542
3	5408.3269132	4917.76712543
3	5454.35605732	6827.22249528
3	8200.60973343	7731.4170758
3	5894.91306128	5473.85860249
3	7826.23792125	8120.81141266
3	5787.9184514	5186.54981659
3	8902.24690738	6853.79391286
3	8381.52730712	7528.76789389
3	6745.36878162	7312.99364146
3	8261.35582093	7213.02135031
3	6726.81202354	6413.74890372
3	8845.90300648	9156.7936528
3	7314.36941916	7788.60796292
3	6500.0	4732.76885132
3	9643.65076099	9721.20609801
3	8215.83836258	8232.65412853
3	6557.4385243	6528.1790723
3	9924.71662064	9721.1229804
3	7433.03437366	5893.13727992
3	7176.3500472	7916.06354194
3	8660.25403784	7801.34962683
3	5937.17104352	5247.56581664
3	6800.73525437	5904.5148827
3	7566.37297521	7260.39365324
3	7106.33520178	6774.81520043
3	8616.84396981	8406.58135035
3	7566.37297521	7205.93102937
3	7449.83221288	9307.68306293
3	8046.73846972	8241.18207541
3	8170.06731918	7654.27410014
3	8689.07359849	8349.14977707
3	9027.73504263	8349.58537893
3	7500.0	7649.03784799
3	7000.0	6526.4028377
3	6782.32998313	9073.65185579
3	7382.41153012	7179.97980499
3	6403.12423743	5335.71063683
3	4873.3971724	5243.28646938
3	8930.28554975	9721.78543273
3	8062.2577483	7683.55698879
3	7778.17459305	6631.69005609
3	5172.04021639	4809.83773115
3	9340.77084613	8139.70441724
3	8200.60973343	8698.44698782
3	6800.73525437	7802.96533377
3	8845.90300648	7132.14603047
3	8514.69318296	8220.62077948
3	8902.24690738	7704.0852799
3	7889.86691903	6449.12614235
3	6689.54408013	5656.74667985
3	5590.16994375	5661.58661508
3	7952.98686029	9495.99873631
3	8062.2577483	6504.67055276
3	6982.12002188	7216.9759595
3	8558.62138431	8317.78095408
3	7141.42842854	6410.51246001
3	7778.17459305	6531.66510164
3	7331.43914931	7929.66064848
3	5545.2682532	5528.690713
3	7280.10988928	8874.80602605
3	8396.42781187	8235.54005515
3	8689.07359849	8391.63142661
3	8139.41029805	6560.21036248
3	4358.89894354	4078.58032899
3	7123.90342439	8309.05879146
3	7141.42842854	7846.23055996
3	6164.41400297	4828.03376127
3	7729.81241687	9391.70900316
3	9785.19289539	9281.69273355
3	7566.37297521	6627.95677415
3	8902.24690738	7668.00639019
3	8874.11967465	8569.71376418
3	7968.68872525	8957.32381909
3	5522.68050859	5612.17774131
3	8139.41029805	6440.40472331
3	8139.41029805	6626.93684895
3	8366.60026534	8561.98551739
3	5590.16994375	5298.74532319
3	8902.24690738	7287.58066851
3	6442.04936336	6567.9923112
3	7382.41153012	6732.44784607
3	6892.02437605	8597.96999297
3	5147.81507049	5963.40716369
3	9656.60395791	8728.13347744
3	7228.4161474	6746.62678677
3	7533.25958666	7008.2576294
3	7905.69415042	6707.21551763
3	7745.96669241	8359.96937793
3	8544.00374532	9501.26980987
3	9552.48658727	7751.56087508
3	7262.91952317	6502.3535739
3	7365.45993133	6499.16402316
3	6422.61628933	5920.15979514
3	7176.3500472	8379.35976075
3	7762.08734813	6544.41051585
3	9708.24391947	9340.70115141
3	6689.54408013	6749.9339256
3	7778.17459305	6813.15705088
3	8514.69318296	9649.09840348
3	5074.44578255	5105.1818283
3	8958.23643358	9108.37131435
3	9192.38815543	7648.03726455
3	7141.42842854	7830.68541061
3	6103.27780787	6998.79782534
3	8746.42784227	8246.04596155
3	7433.03437366	6520.65525848
3	8602.32526704	6932.97180147
3	7889.86691903	8299.91373449
3	7466.59226153	6807.9681991
3	8958.23643358	7827.77107483
3	9340.77084613	9111.12111653
3	5852.34995536	5799.67249075
3	7123.90342439	6696.33481839
3	4924.4289009	5690.99587067
3	9192.38815543	9721.85959578
3	8336.66600027	7866.82413684
3	8485.28137424	7481.91927249
3	8514.69318296	7202.73170401
3	7500.0	6489.85585356
3	7399.32429347	8282.59488325
3	6873.86354243	5729.49596387
3	8514.69318296	7010.04072741
3	7365.45993133	7790.12541619
3	7433.03437366	6390.89680718
3	6123.72435696	6003.09886642
3	7158.91053164	4914.49748194
3	8902.24690738	6941.31205177
3	7433.03437366	6611.57953896
3	5147.81507049	5993.36107706
3	8817.59604427	8898.80171709
3	7566.37297521	7879.66725186
3	7348.46922835	8359.62810178
3	7794.22863406	7180.06392729
3	5099.01951359	4867.39175534
3	8031.1892021	8231.16674597
3	7141.42842854	8821.38673906
3	7500.0	7022.81937686
3	6144.10286372	6597.07980852
3	6652.06734783	4655.77480125
3	5937.17104352	5463.75200755
3	9552.48658727	7707.47533243
4	8732.12459829	8151.81580999
4	9473.64766075	9205.18375699
4	8674.67578645	7538.62759393
4	9394.14711403	8369.62561887
4	8351.64654425	8494.58751206
4	10136.5674664	8976.58331438
4	9874.20882907	7628.84650521
4	10259.1422643	8865.3986938
4	7599.34207679	6950.55307152
4	8631.33825082	8502.92249759
4	8470.53717305	8689.48657862
4	7176.3500472	8040.37045166
4	8276.47267862	7168.6295064
4	6383.5726674	6269.66043738
4	8874.11967465	9509.44930056
4	8077.7472107	7892.37087319
4	9367.4969976	8620.2644971
4	7599.34207679	8751.94481244
4	6461.42399166	7235.58878047
4	9552.48658727	8293.31483787
4	8276.47267862	7623.0838904
4	7984.35971134	7266.76551156
4	8062.2577483	7663.46710047
4	11022.7038425	9480.85618497
4	8154.75321515	8296.49570602
4	6873.86354243	6786.22737609
4	7228.4161474	6901.86228492
4	9924.71662064	8888.18496657
4	7449.83221288	7624.58359519
4	9759.61064797	9713.03711514
4	9810.70843517	8811.79748973
4	9874.20882907	8357.99264178
4	4472.135955	5438.36795372
4	9500.0	9012.69870793
4	9287.0878105	7619.51015486
4	6964.19413859	7161.02723078
4	8124.03840464	7144.68109855
4	7466.59226153	7989.83379051
4	8366.60026534	7023.61801353
4	7968.68872525	7722.37974979
4	9340.77084613	8429.01524497
4	7810.24967591	7764.930972
4	9578.62203033	8296.68970132
4	7713.62431027	7351.30539428
4	7176.3500472	5811.24418692
4	6946.22199472	6946.80120631
4	9420.72184071	8456.30995175
4	9300.53761887	7894.76269434
4	9394.14711403	7930.53308423
4	11842.7192823	10451.947474
4	10283.4819006	9793.64467397
4	9313.9680051	8377.52612649
4	9192.38815543	8633.54093058
4	8703.44759276	6855.78398143
4	6819.09084849	6564.77269218
4	10210.2889283	8624.46694005
4	7648.52927039	8103.48721231
4	10319.8837203	9082.61162882
4	9552.48658727	8120.42394214
4	10428.3268073	10097.3507417
4	8077.7472107	6162.53507089
4	9394.14711403	7321.47225632
4	9394.14711403	7390.04404588
4	8366.60026534	7044.06324503
4	7483.31477355	7681.36595925
4	7483.31477355	8792.50021325
4	8789.19791562	7335.42023336
4	8077.7472107	8394.74835835
4	9340.77084613	7941.72846426
4	8645.8082329	8343.71577896
4	6708.2039325	8100.25623052
4	7794.22863406	6951.08905136
4	7449.83221288	7713.19479853
4	10368.2206767	10328.3895163
4	7176.3500472	7240.99323298
4	9695.35971483	8151.27315209
4	9886.85996664	8778.29015242
4	10295.630141	9475.66156002
4	8789.19791562	8014.39823068
4	10111.8742081	9072.26322369
4	8631.33825082	8607.31404098
4	9137.83344125	8529.45766154
4	9041.57066001	8726.55470389
4	9407.44386111	10611.5812205
4	8789.19791562	8087.05700487
4	9178.77987534	7911.97453231
4	9407.44386111	9315.34969821
4	10488.0884817	8881.60120699
4	10210.2889283	8369.81433486
4	9027.73504263	8128.8397081
4	10024.9688279	10360.8222647
4	7158.91053164	7185.27988321
4	9340.77084613	6949.77251426
4	9192.38815543	8643.73079174
4	8717.79788708	8701.39253223
4	10559.356041	9011.50431393
4	9273.6184955	9497.7273071
4	7566.37297521	7753.12878779
4	10368.2206767	8981.47710569
4	9874.20882907	9642.40156807
4	7729.81241687	6543.48271183
4	9924.71662064	8588.2990749
4	7968.68872525	6965.27479716
4	6595.45297914	6805.85688947
4	7697.40215917	6733.6076883
4	9669.53980291	8204.67884807
4	10049.8756211	8817.1917298
4	9273.6184955	8780.46433852
4	7729.81241687	8882.85899922
4	8717.79788708	7633.18256037
4	7566.37297521	7722.47648103
4	8336.66600027	7966.45680337
4	9848.8578018	9260.84736944
4	7000.0	6644.7751655
4	8616.84396981	7452.32916611
4	9447.22181385	8696.91658003
4	9630.68014213	9444.1702653
4	10074.7208398	10377.3676816
4	9233.09265631	8877.13681318
4	8031.1892021	6133.36893559
4	9552.48658727	9408.55801917
4	8351.64654425	7151.20283589
4	9460.44396421	10182.8457712
4	9219.54445729	7319.8457634
4	9460.44396421	7834.12477562
4	7262.91952317	6780.31407827
4	8093.20702812	8253.58031402
4	6892.02437605	8647.18786658
4	10464.2247682	8960.23961733
4	11045.3610172	10171.6278933
4	8860.02257333	8108.35340868
4	8558.62138431	8563.94044818
4	8031.1892021	8710.18518747
4	7778.17459305	7830.95741273
4	8093.20702812	7184.76909859
4	9354.14346693	8494.46449166
4	10024.9688279	9686.98632187
4	10111.8742081	9616.17605912
4	10781.9293264	9453.80166917
4	7211.10255093	8379.82607218
4	7035.62363974	7074.4225206
4	8440.97150807	8191.86382943
4	7697.40215917	6981.04068173
4	8291.56197589	6532.52386142
4	7968.68872525	6415.19399551
4	9027.73504263	7972.21205187
4	8200.60973343	7858.78400263
4	8986.10037781	9172.24356415
4	9460.44396421	9051.22378466
4	9987.49217772	9852.21974988
4	9874.20882907	8086.51939959
4	9192.38815543	9312.83576576
4	6910.13748054	7305.09240188
5	10665.3645039	7739.45824977
5	9233.09265631	7266.17898211
5	10559.356041	9167.80726237
5	10665.3645039	8414.09234558
5	9096.70269933	6979.68580955
5	10037.4299499	6871.11381073
5	9987.49217772	8637.78594317
5	11390.7857499	10286.6272412
5	10368.2206767	9056.47182958
5	9460.44396421	8309.83573845
5	9617.69203084	7657.2015776
5	10037.4299499	8492.52906972
5	10074.7208398	8278.26733079
5	7331.43914931	6410.47642535
5	10210.2889283	8561.4495268
5	10024.9688279	8800.99539825
5	9340.77084613	8078.94071027
5	6964.19413859	5597.35910944
5	9643.65076099	7681.24631814
5	11500.0	8496.03283892
5	10559.356041	8694.90574992
5	10511.8980208	10286.5715377
5	11958.2607431	10170.1109138
5	10920.1648339	8995.99866607
5	8888.19441732	7301.14367753
5	9287.0878105	7741.42034771
5	10246.950766	9399.96872335
5	8396.42781187	5682.64348697
5	8703.44759276	7557.42118715
5	10074.7208398	7221.05920208
5	9151.50260886	8150.72082702
5	9785.19289539	8710.61398525
5	9013.87818866	6099.72228876
5	9313.9680051	7314.29265206
5	11135.5287257	10286.6778894
5	11135.5287257	9638.32506196
5	10000.0	8546.84901002
5	12658.9889012	10286.6778894
5	10319.8837203	8703.42507292
5	10488.0884817	8873.10137438
5	9500.0	6863.33475797
5	9630.68014213	7733.73894051
5	10368.2206767	8626.37710745
5	7648.52927039	4210.70433538
5	8703.44759276	6399.00031255
5	10977.2492001	9160.84035447
5	10920.1648339	8451.89682852
5	11821.5904175	9571.29009068
5	9974.96867163	8646.02463563
5	9260.12958873	6675.25355324
5	9000.0	7798.86946935
5	10319.8837203	8852.87139859
5	9500.0	7394.92332617
5	10862.7804912	9163.99803579
5	12419.7423484	10286.6778894
5	9340.77084613	6926.85195453
5	10185.7743937	8247.83995965
5	10851.2672071	10187.7274208
5	10688.7791632	8908.78689834
5	9013.87818866	8794.77208346
5	11302.6545555	9047.82725299
5	9886.85996664	7291.69095615
5	9447.22181385	8776.0688238
5	9937.30345718	7177.50882967
5	12114.0414396	10286.6744869
5	10074.7208398	8837.83717886
5	10908.7121146	10286.6766256
5	9874.20882907	7906.61216957
5	10559.356041	6960.60845042
5	11011.3577728	8706.6238003
5	10148.8915651	9482.04418889
5	11842.7192823	8935.63472843
5	8958.23643358	6601.57178254
5	9810.70843517	7892.81705096
5	11401.754251	10284.9541564
5	9260.12958873	8919.97376678
5	8930.28554975	7040.21029515
5	10148.8915651	8160.54753065
5	9513.14879522	7329.55162339
5	11379.8066767	8620.5349022
5	9772.41014285	8030.60352651
5	11236.1025271	10286.677695
5	10500.0	7364.76985384
5	11651.1801977	10282.9076627
5	11565.0335062	10192.5221609
5	10511.8980208	9824.65714415
5	11726.0393996	10286.6778894
5	11236.1025271	10286.6565997
5	9874.20882907	9316.37515346
5	10136.5674664	8442.16168999
5	8703.44759276	7117.7277273
5	12389.5116934	10286.677695
5	10111.8742081	8523.28399151
5	12103.7184369	8956.19919385
5	11202.6782512	8107.08986012
5	9578.62203033	8212.41219131
5	10074.7208398	7764.56122392
5	10747.0926301	8759.7610698
5	9604.68635615	6003.51688596
5	8544.00374532	5627.88970219
5	10931.6055545	8585.25305393
5	11202.6782512	9848.9427859
5	12298.3738762	10168.323559
5	9192.38815543	8695.18717452
5	9069.17857361	7416.67223221
5	9287.0878105	7097.27961969
5	7516.64818919	5900.47498088
5	10271.3192921	8984.39469302
5	9746.79434481	9142.49473612
5	10839.7416943	8922.32828358
5	8215.83836258	7360.6327853
5	7466.59226153	6219.50038186
5	11302.6545555	8665.78201895
5	8930.28554975	5158.94286652
5	10222.5241501	8357.77984874
5	10087.1205009	8010.96517281
5	6982.12002188	5860.41244282
5	11313.708499	8981.27663531
5	11335.7840488	9961.29519691
5	8470.53717305	6807.28506822
5	11423.6596588	8820.83986931
5	8774.96438739	7413.40609976
5	9949.87437107	8732.9666208
5	10943.0343141	8150.57985667
5	8485.28137424	7641.28150247
5	10136.5674664	7907.32995391
5	12093.3866224	10286.677695
5	11683.3214455	8711.25341154
5	8558.62138431	6419.93621464
5	8573.21409974	6905.5133046
5	9260.12958873	8120.79922175
5	9630.68014213	8766.53477721
5	9069.17857361	6858.16054055
5	9539.39201417	8005.05752634
5	10594.8100502	9875.5869699
5	10712.1426428	8507.35399522
5	8139.41029805	4936.43408748
5	9178.77987534	7301.24181219
5	9565.56323485	8556.65553823
5	9539.39201417	7322.18457839
5	10476.1634199	8526.9714436
5	8291.56197589	7396.71494652
5	9000.0	7690.63729479
5	9513.14879522	6901.45875884
5	8803.40843083	8000.3509923
5	8930.28554975	6827.69463289
5	9055.38513814	8627.57370296
5	10062.3058987	8092.83275498
5	9721.11104761	8131.8587666
5	10380.269746	9142.05294231
5	10954.4511501	9997.16799899
5	12216.7917229	10286.6772089
5	9987.49217772	8345.9270905
5	9354.14346693	6843.09206426
5	8411.30192063	5408.5912676
5	10547.5115549	8193.20950544
5	9810.70843517	9158.54595446
5	7984.35971134	7054.16543611
5	9823.44135219	9282.84062128
5	11146.7484048	9775.58243789
5	10074.7208398	8492.0666507
5	11597.4135047	10286.6661266
5	10943.0343141	9261.35249302
5	10173.4949747	6494.18293552
5	9219.54445729	7462.73408343
5	9810.70843517	6883.14034435
5	9669.53980291	7633.57216511
5	9785.19289539	8592.38209113
5	9578.62203033	8294.17994741
5	10210.2889283	7800.74150322
5	9759.61064797	7165.56264364
5	9069.17857361	5488.41980902
5	10368.2206767	8643.61058817
5	10747.0926301	8703.27145388
5	11412.7122105	8545.82365837
5	10559.356041	8067.10189597
5	11191.5146428	8990.36973656
5	11575.8369028	7364.99246435
5	11672.6175299	8245.08926574
5	9394.14711403	6629.02511686
5	11821.5904175	9933.37203572
5	7745.96669241	7399.40612482
5	10319.8837203	7186.86155425
5	10111.8742081	8088.02516069
5	9110.43357914	7624.1517561
5	11067.9718106	9965.28965961
5	8746.42784227	7647.8766988
5	10688.7791632	9368.80195116
5	10161.2007165	7604.23862066
5	11191.5146428	8436.57963869
5	9899.49493661	8614.6522855
5	12093.3866224	10286.6670987
5	9273.6184955	9397.60086405
5	11368.8170009	9737.01679161
5	10368.2206767	8983.65972196
5	9962.42942259	5899.25978407
5	9669.53980291	8386.50892803
5	9407.44386111	6270.95917703
5	8874.11967465	7755.12262959
5	11022.7038425	8961.19757622
5	9219.54445729	8294.68486442
5	9785.19289539	9005.08300906
5	9473.64766075	7802.68569148
5	8616.84396981	6850.1618959
5	9354.14346693	5997.3986861
5	8366.60026534	5780.00142734
5	11079.2599031	9932.93773261
5	11101.8016556	9495.80096674
5	12010.4121495	10245.5460567
5	10148.8915651	7185.89041108
5	9447.22181385	8906.27913329
5	11124.2977306	9295.91609256
5	10185.7743937	7771.87126759
5	9874.20882907	7321.43599303
5	10037.4299499	8741.39782872
5	10747.0926301	9380.50489046
5	9552.48658727	7060.94285489
5	10862.7804912	8075.0754176
5	8972.17922246	8273.52258715
5	10700.4672795	8221.32477159
5	9669.53980291	7816.02776351
5	10665.3645039	9162.53098221
5	10062.3058987	7830.92370031
5	10793.5165725	9145.80537733
5	8573.21409974	7462.18359463
5	8689.07359849	8456.68989617
5	9772.41014285	8960.80878046
5	10735.4552768	8757.58653968
5	10087.1205009	9103.00906294
5	9055.38513814	7896.14190602
5	11022.7038425	8438.60983812
5	11000.0	9853.62674349
5	10222.5241501	7522.42281449
5	9082.95106229	8336.76076183
5	9848.8578018	8599.99662791
5	10688.7791632	8974.55915352
5	9246.62100445	7258.71627769
5	8916.27725006	7528.16750611
5	10037.4299499	8973.29103507
5	11629.7033496	9652.46942497
5	10368.2206767	8460.11524744
5	8093.20702812	6621.39169661
5	10943.0343141	9382.3559941
5	8573.21409974	6535.6559732
5	10368.2206767	10132.9238623
5	9797.95897113	9515.25102139
5	9151.50260886	7792.17620437
5	9962.42942259	8159.70360981
5	9565.56323485	8309.05319516
5	10747.0926301	10001.3015153
5	10793.5165725	8582.02237238
5	11202.6782512	9606.71941924
5	10839.7416943	8277.54136202
5	11937.3363863	10286.677695
5	10735.4552768	10286.6465867
5	10547.5115549	8602.44232762
5	9785.19289539	8126.84772836
5	11747.3401245	8755.50409742
5	9513.14879522	7061.74801306
5	10368.2206767	8698.64897556
5	10688.7791632	8629.04803556
5	9565.56323485	8123.47161009
5	10464.2247682	7285.12951155
5	8972.17922246	6219.37979223
5	9447.22181385	6655.0471824
5	8916.27725006	7109.88600471
5	10523.7825899	8763.42421659
5	10476.1634199	8559.4319905
5	9327.37905309	8429.88493397
5	11202.6782512	8849.51908298
5	10641.8983269	6984.70586353
5	8860.02257333	7522.03403342
6	9974.96867163	9739.26342184
6	11958.2607431	9739.26342184
6	13143.4394281	9739.26342184
6	9407.44386111	9739.26342184
6	11694.0155635	9739.26342184
6	12439.8553046	9739.26342184
6	11554.2200083	9739.26342184
6	11335.7840488	9739.26342184
6	11694.0155635	9739.26342184
6	13228.7565553	9739.26342184
6	10931.6055545	9739.26342184
6	11618.9500386	9739.26342184
6	11554.2200083	9739.26342184
6	9420.72184071	9739.26342184
6	11853.2695911	9739.26342184
6	11521.7186218	9739.26342184
6	12439.8553046	9739.26342184
6	10805.0913925	9739.26342184
6	11169.1539518	9739.26342184
6	12288.2057274	9739.26342184
6	12257.6506721	9739.26342184
6	10839.7416943	9739.26342184
6	13518.5058346	9739.26342184
6	11863.8105177	9739.26342184
6	11224.9721603	9739.26342184
6	12186.057607	9739.26342184
6	13114.8770486	9739.26342184
6	10988.6304879	9739.26342184
6	12971.1217711	9739.26342184
6	12509.9960032	9739.26342184
6	11302.6545555	9739.26342184
6	11090.5365064	9739.26342184
6	12874.3931896	9739.26342184
6	14203.8727113	9739.26342184
6	12903.4879006	9739.26342184
6	11640.4467268	9739.26342184
6	11608.1867662	9739.26342184
6	12990.3810568	9739.26342184
6	11379.8066767	9739.26342184
6	12893.7969582	9739.26342184
6	10198.0390272	9739.26342184
6	12175.7956619	9739.26342184
6	11113.0553854	9739.26342184
6	13000.0	9739.26342184
6	12796.4838921	9739.26342184
6	12961.4813968	9739.26342184
6	10024.9688279	9739.26342184
6	11608.1867662	9739.26342184
6	11500.0	9739.26342184
6	11067.9718106	9739.26342184
6	11651.1801977	9739.26342184
6	14150.9716981	9739.26342184
6	12688.5775404	9739.26342184
6	14781.7454991	9739.26342184
6	11169.1539518	9739.26342184
6	10897.2473589	9739.26342184
6	12144.9578015	9739.26342184
6	10988.6304879	9739.26342184
6	14168.6273153	9739.26342184
6	10988.6304879	9739.26342184
6	13152.946438	9739.26342184
6	12747.548784	9739.26342184
6	12649.1106407	9739.26342184
6	12922.8479833	9739.26342184
6	12134.6610995	9739.26342184
6	11853.2695911	9739.26342184
6	11905.8808998	9739.26342184
6	13285.3302556	9739.26342184
6	9486.83298051	9739.26342184
6	12206.5556157	9739.26342184
6	12698.4250992	9739.26342184
6	9578.62203033	9739.26342184
6	12529.9640861	9739.26342184
6	10931.6055545	9739.26342184
6	11821.5904175	9739.26342184
6	11269.4276696	9739.26342184
6	10136.5674664	9739.26342184
6	13028.8142208	9739.26342184
6	12359.2070943	9739.26342184
6	11597.4135047	9739.26342184
6	12796.4838921	9739.26342184
6	11704.6999107	9739.26342184
6	11874.342087	9739.26342184
6	12509.9960032	9739.26342184
6	10380.269746	9739.26342184
6	12103.7184369	9739.26342184
6	13076.6968306	9739.26342184
6	11510.8644332	9739.26342184
6	10712.1426428	9739.26342184
6	11672.6175299	9739.26342184
6	11401.754251	9739.26342184
6	11683.3214455	9739.26342184
6	13388.427839	9739.26342184
6	14620.1915172	9739.26342184
6	12206.5556157	9739.26342184
6	10559.356041	9739.26342184
6	11821.5904175	9739.26342184
6	11884.864324	9739.26342184
6	10392.3048454	9739.26342184
6	10368.2206767	9739.26342184
6	12825.7553384	9739.26342184
6	12318.6849948	9739.26342184
6	13601.4705087	9739.26342184
6	9836.15778645	9739.26342184
6	11597.4135047	9739.26342184
6	11510.8644332	9739.26342184
6	11715.3745139	9739.26342184
6	11895.3772534	9739.26342184
6	10816.6538264	9739.26342184
6	14035.6688476	9739.26342184
6	12227.0192606	9739.26342184
6	12227.0192606	9739.26342184
6	11895.3772534	9739.26342184
6	10547.5115549	9739.26342184
6	10965.8560997	9739.26342184
6	12913.1715701	9739.26342184
6	12196.3109177	9739.26342184
6	12727.9220614	9739.26342184
6	11335.7840488	9739.26342184
6	10511.8980208	9739.26342184
6	14247.8068488	9739.26342184
6	12359.2070943	9739.26342184
6	13009.6118313	9739.26342184
6	11736.6945943	9739.26342184
6	10416.333328	9739.26342184
6	11291.5897906	9739.26342184
6	10571.1872559	9739.26342184
6	12389.5116934	9739.26342184
6	13991.0685796	9739.26342184
6	11916.3752878	9739.26342184
6	11811.011811	9739.26342184
6	10977.2492001	9739.26342184
6	13991.0685796	9739.26342184
6	11608.1867662	9739.26342184
6	12165.5250606	9739.26342184
6	12559.8566871	9739.26342184
6	10392.3048454	9739.26342184
6	12559.8566871	9739.26342184
6	11726.0393996	9739.26342184
